Speed (m/s),Acceleration (m/s^2),Gear
18.993819883901054,-1.745601650169867,6
27.429782017873727,-2.136227781569839,5
5.460357131677083,-0.7620203128567402,4
25.56359110406919,0.4650906255867895,5
1.8433614298510848,-0.9418821718746244,6
1.490542784325175,1.8672112741349096,6
6.038094982622562,-1.1403280048514775,6
